Case ID,Template,Prediction,Cluster ID,Response,Response Length,Readability Score,Keyword Alignment,User Preference Simulation
Case 1,T1_Fraud_Explanation,Fraud,1,"Based on the transaction features and the model prediction, I can provide a clear explanation of why the transaction was classified as ""Fraud"".

The transaction features (V1-V4, V10-V12, V14, V17) seem to be a mix of numerical values, possibly representing various aspects of the transaction, such as:

- V1, V3, V10, V11, V12: These values are negative, which might indicate unusual or suspicious activity.
- V2, V4, V14: These values are also negative, but to a lesser extent, which could suggest some level of normal activity.
- V17: This value is relatively small and positive, which might indicate a small, legitimate transaction.

The Amount of the transaction is $8.1366, which is not unusually high or low.

Considering these features, the model might have predicted the transaction as ""Fraud"" because:

- The majority of the transaction features (V1, V3, V10, V11, V12) have negative values, which could indicate a high level of risk or suspicious activity.
- The model might have detected a pattern or anomaly in the transaction features that is not typical of legitimate transactions.

However,",177,40.40552325581399,5,High
Case 1,T2_User_Advice,Fraud,1,"Based on the transaction features and the model prediction of ""Fraud,"" I recommend the following security actions:

1. **Verify the transaction details**: Double-check the transaction amount, date, and time to ensure it matches the expected values.
2. **Contact the cardholder**: Reach out to the cardholder to confirm if they authorized the transaction.
3. **Review recent transactions**: Check the cardholder's recent transactions to see if there are any other suspicious or unauthorized activities.
4. **Freeze the account**: Temporarily freeze the account to prevent any further transactions until the issue is resolved.
5. **Investigate the IP address**: Look up the IP address associated with the transaction to determine its location and potential source.
6. **Monitor for additional activity**: Keep a close eye on the account for any additional suspicious activity.

These actions will help you to investigate and potentially prevent further fraudulent activity.",141,32.34562500000001,5,High
Case 1,T3_Risk_Scoring,Fraud,1,"**Risk Interpretation:**
Based on the transaction features and model prediction, there is a high risk of financial fraud associated with this transaction. The model has identified several suspicious patterns in the transaction data, indicating potential manipulation or unauthorized activity.

**Risk Level:** High

**Explanation:**
The transaction features show a mix of negative and positive values, which may indicate an attempt to disguise the true nature of the transaction. The model has flagged this transaction as high-risk due to the unusual patterns and combinations of values. This suggests that the transaction may be a result of fraudulent activity, and further investigation is recommended to verify the legitimacy of the transaction.",108,21.977666666666693,5,Medium
Case 1,T4_Comparative_Analysis,Fraud,1,"**Transaction Analysis:**

Based on the provided transaction features, our model predicts it as a potential **Fraud**. Here's a comparison with common fraud patterns and the suspicious characteristics that support this prediction:

**Comparison with Common Fraud Patterns:**

1. **Unusual Transaction Amount**: The transaction amount of $8.1366 is relatively high compared to the average transaction amount. This could be a red flag for potential fraud.
2. **Negative Values**: Features V1, V2, V3, V10, V11, and V12 have negative values, which is unusual. In most transactions, these values are positive or zero.
3. **Large Variations**: The differences between features V1, V2, and V3 are significant, indicating a large variation in the transaction data.

**Suspicious Characteristics:**

1. **High Transaction Amount**: The transaction amount is higher than usual, which could be a sign of potential fraud.
2. **Negative Values**: The presence of negative values in features V1, V2, V3, V10, V11, and V12 suggests an unusual transaction pattern.
3. **Large Variations**: The significant differences between features V1, V2, and V",165,40.086022727272734,4,High
Case 2,T1_Fraud_Explanation,Fraud,2,"Based on the transaction features provided, the model has classified it as a potential fraud. Here's a simplified explanation:

The transaction has a negative amount (-0.3141), which is unusual because most transactions have positive amounts. This could indicate that the transaction is not a legitimate payment, but rather an attempt to transfer funds in the wrong direction.

Additionally, several features (V1, V3, V10, V12, and V17) have negative values, which may suggest that the transaction is trying to exploit a system vulnerability or manipulate the transaction in some way.

The model has likely combined these factors to determine that the transaction is likely a fraud attempt.",106,42.848616352201276,2,High
Case 2,T2_User_Advice,Fraud,2,"**Transaction Alert: Potential Fraud Detected**

Based on the model prediction, we recommend the following security actions:

1. **Verify Transaction Details**: Double-check the transaction details, including the amount and recipient, to ensure they are accurate and authorized.
2. **Contact Card Issuer**: Reach out to your credit card issuer or bank to report the suspicious transaction and ask them to investigate further.
3. **Freeze Account**: Temporarily freeze your account to prevent any further unauthorized transactions.
4. **Monitor Account Activity**: Closely monitor your account activity for any unusual or suspicious transactions.
5. **Change Passwords**: Update all your online account passwords, including your bank and credit card accounts, to prevent potential unauthorized access.

**Immediate Action**: Contact your bank or credit card issuer immediately to report the suspicious transaction and request assistance.

**Remember**: If you're unsure about the transaction or any other account activity, it's always better to err on the side of caution and take action to protect your account.",156,25.434807692307714,6,Medium
Case 2,T3_Risk_Scoring,Fraud,2,"**Risk Interpretation:**
This transaction is predicted to be fraudulent due to an unusual pattern of values and a negative amount. The model has identified potential anomalies in the transaction data, indicating a higher likelihood of fraud.

**Risk Level:**
High

**Explanation:**
The transaction has a negative amount (-0.3141), which is unusual and may indicate an attempt to reverse or manipulate a legitimate transaction. Additionally, the values of V1, V3, V10, and V17 are all negative, which could be a sign of a coordinated effort to create a fake or manipulated transaction. The model has flagged this transaction as high-risk due to these suspicious patterns.",103,34.173940129449875,4,High
Case 2,T4_Comparative_Analysis,Fraud,2,"**Transaction Analysis**

Based on the provided transaction features, our model predicts it as a **Fraudulent** transaction. Here's a comparison with common fraud patterns and the suspicious characteristics that support this prediction:

**Comparison with Common Fraud Patterns:**

1. **High Variance in Values**: Fraudulent transactions often have high variance in values, indicating unusual or manipulated activity. In this transaction, we see significant fluctuations in values (e.g., V1: -17.5376, V2: 12.3525, V3: -20.1346). This high variance is a red flag.
2. **Unusual Value Distribution**: Fraudulent transactions often have unusual value distributions, such as negative values or values that are significantly higher or lower than expected. In this transaction, we see multiple negative values (V1, V3, V10, V12, V14, V17) and a mix of positive and negative values, which is uncommon in legitimate transactions.
3. **Large Amounts**: Fraudulent transactions often involve large amounts or significant changes in amounts. In this transaction, the amount is -0.3141, which is relatively small, but the model's prediction suggests that the transaction's characteristics are suspicious",166,30.729106425702838,4,High
Case 3,T1_Fraud_Explanation,Not Fraud,0,"Based on the transaction features, I can provide an explanation for why the model predicted it as ""Not Fraud.""

The model likely considered the following factors:

1. **Positive and negative values**: The transaction features have a mix of positive and negative values. This suggests that the transaction is not purely a deposit or withdrawal, but rather a combination of both. The model may have viewed this as a normal transaction.

2. **Low absolute values**: Most of the feature values are relatively low (close to zero). This indicates that the transaction amounts are not unusually large, which can be a red flag for fraud.

3. **Balance of positive and negative values**: The positive values (V10, V11, V12) are balanced by the negative values (V1, V2, V3, V4, V14, V17). This balance suggests that the transaction is not an unusual or suspicious pattern.

4. **Amount**: The transaction amount (-0.2655) is relatively small, which may have contributed to the model's decision.

Considering these factors, the model likely determined that the transaction is normal and not indicative of fraud.",175,52.322059523809514,3,High
Case 3,T2_User_Advice,Not Fraud,0,"Based on the transaction features and the model prediction, here are some short, clear, and specific security actions for the user:

**Transaction Review:**

- The transaction amount is negative (-0.2655), which may indicate a refund or a reversal. However, it's essential to verify the transaction details.
- The model prediction is ""Not Fraud,"" but it's crucial to review the transaction features to ensure there are no unusual patterns.

**Security Actions:**

1. **Verify Transaction Details:** Check the transaction description, date, and time to ensure it's legitimate.
2. **Review Account Activity:** Look for any other unusual transactions in your account.
3. **Contact Bank/Financial Institution:** Reach out to your bank or financial institution to confirm the transaction and ask about any potential issues.
4. **Monitor Account Activity:** Keep a close eye on your account activity for the next few days to ensure there are no further unusual transactions.

**Additional Tips:**

- Be cautious of any transactions with negative amounts, as they may indicate a refund or reversal.
- If you're unsure about a transaction, it's always best to err on the side of caution and contact your bank or financial institution for assistance.

By taking these security actions,",195,40.0827246945899,4,High
Case 3,T3_Risk_Scoring,Not Fraud,0,"Based on the transaction features and the model prediction, here's a short and clear risk interpretation:

**Risk Interpretation:** This transaction appears to be a legitimate transaction with a low risk of being fraudulent. The model prediction indicates ""Not Fraud"" and the transaction features do not show any significant red flags.

**Risk Level:** Low

**Explanation:** The transaction features show a mix of positive and negative values, but none of them are extremely high or low. The amount is also relatively small. Overall, these factors suggest that the transaction is likely legitimate and not an attempt to commit fraud.",97,43.23678350515465,4,Medium
Case 3,T4_Comparative_Analysis,Not Fraud,0,"**Transaction Analysis**

Based on the provided transaction features, here's a comparison with common fraud patterns:

**Common Fraud Patterns:**

1. **Large or Unusual Amounts**: Frauds often involve large or unusual transaction amounts.
2. **Multiple Small Transactions**: Frauds may involve multiple small transactions to avoid detection.
3. **Unusual Location or Device**: Frauds may occur from unusual locations or devices.
4. **Unusual Time or Frequency**: Frauds may occur at unusual times or with unusual frequency.

**Transaction Analysis:**

1. **Amount**: The transaction amount (-0.2655) is relatively small and not unusual.
2. **V1-V4**: These values are negative, which is not uncommon in transactions. However, their magnitude is relatively small.
3. **V10-V12**: These values are positive and relatively small, indicating a legitimate transaction.
4. **V14**: This value is negative, but its magnitude is small.
5. **V17**: This value is negative, but its magnitude is very small.

**Suspicious Characteristics:**

1. **Multiple Negative Values**: The presence of multiple negative values (V1-V4, V14, V17) may indicate a suspicious transaction",160,34.21083333333337,3,High
