Case ID,Template,Prediction,Cluster ID,Response,Response Length,Readability Score,Keyword Alignment,User Preference Simulation,Clarity,Relevance,Personalization,Safety & Factual Accuracy,Detail & Completeness
Case 1,T1_Fraud_Explanation,Fraud,1,"Based on the transaction features, the model has predicted it as a potential fraud. Here's a simplified explanation:

The transaction features are a set of numerical values that represent various aspects of the transaction. The model has analyzed these values and determined that they are unusual or suspicious.

Some key features that contributed to the fraud prediction include:

- The majority of the features (V1, V2, V3, V10, V11, V12, V14) have negative values, which may indicate that the transaction is not typical or is being manipulated.
- The 'Amount' is relatively high at 8.1366, which could be a red flag for potential fraud.
- The model has likely identified a pattern or anomaly in the transaction data that suggests it may not be legitimate.

In simple terms, the model is saying that this transaction looks unusual and may not be genuine, so it's been flagged as a potential fraud.",150,47.759885204081655,4,High,High,High,Medium,High,High
Case 1,T2_User_Advice,Fraud,1,"**Transaction Alert: Potential Fraud Detected**

Based on the model prediction, we recommend the following security actions:

1. **Verify Transaction Details**: Immediately contact the cardholder to confirm the transaction and ensure it was authorized by them.
2. **Freeze Account**: Temporarily freeze the account associated with the transaction to prevent further unauthorized activity.
3. **Investigate Transaction History**: Review the cardholder's recent transaction history to identify any suspicious or unusual activity.
4. **Monitor Account Activity**: Closely monitor the account for any further suspicious transactions.
5. **Notify Cardholder**: Inform the cardholder of the potential fraud and provide guidance on how to protect their account.

**Additional Precautions**:

* Consider issuing a new card with updated security features to prevent future unauthorized transactions.
* Review and update the cardholder's account information to ensure it is up-to-date and accurate.

**Next Steps**:

* Investigate the transaction further to determine the cause of the potential fraud.
* Take additional security measures to prevent future incidents.

Please take these actions to ensure the security and integrity of the account.",169,16.25727272727275,5,High,High,High,High,High,High
Case 1,T3_Risk_Scoring,Fraud,1,"**Transaction Risk Interpretation:**

This transaction has been flagged as potentially fraudulent by our model. The features used in the model indicate unusual patterns that may be indicative of a scam or unauthorized activity.

**Risk Level: High**

The model's prediction of ""Fraud"" suggests a high level of risk associated with this transaction. It's essential to investigate this transaction further to determine its legitimacy and prevent potential financial loss.",67,25.684496268656744,4,Medium,High,High,High,High,Low
Case 1,T4_Comparative_Analysis,Fraud,1,"**Transaction Analysis**

Based on the provided transaction features, our model predicts that this transaction is **Fraudulent**. Here's a comparison with common fraud patterns and the suspicious characteristics that support this prediction:

**Comparison with Common Fraud Patterns:**

* **Unusual Transaction Amount**: The transaction amount is $8.1366, which is relatively high compared to the other features. This could indicate a potential scam or unauthorized transaction.
* **Negative Values**: Several features have negative values, which could indicate a discrepancy or manipulation in the transaction data.

**Suspicious Characteristics:**

* **High V1 Value**: The V1 feature has a value of -2.0035, which is significantly lower than the other features. This could indicate a potential anomaly or manipulation in the transaction data.
* **Large Difference between V4 and V10**: The V4 feature has a value of 1.3096, while the V10 feature has a value of -1.5316. This large difference could indicate a potential discrepancy or manipulation in the transaction data.
* **Negative Values in V2, V3, V11, and V12**: These features have negative values, which could indicate a potential anomaly or manipulation in the transaction data.

",180,32.98491666666669,4,High,High,High,Medium,High,High
Case 2,T1_Fraud_Explanation,Fraud,2,"Based on the transaction features, the model has predicted it as a potential fraud. Here's a simplified explanation:

The transaction has a negative 'Amount' (-0.3141), which means the customer is receiving money back. However, the other features (V1-V17) are mostly negative, indicating that the transaction involves a large number of unusual or suspicious activities.

Some of the features, such as V1, V3, V10, and V17, are significantly negative, which could indicate that the transaction is not a typical, legitimate refund. The model is likely flagging this transaction because it doesn't conform to the expected patterns of a normal refund.

Additionally, the model may be detecting anomalies in the transaction data, such as the unusual combination of negative and positive values. This could suggest that the transaction is not a genuine refund, but rather an attempt to manipulate the system.

Overall, the model has identified this transaction as potentially fraudulent due to its unusual characteristics and the presence of suspicious features.",160,32.80930555555557,3,High,High,High,Medium,High,High
Case 2,T2_User_Advice,Fraud,2,"**Transaction Alert: Potential Fraud Detected**

Based on the model prediction, we recommend the following security actions:

1. **Verify Transaction Details**: Check the transaction details to ensure they are accurate and match your records.
2. **Contact Bank/Issuer**: Reach out to your bank or card issuer to report the suspicious transaction and request a review.
3. **Freeze Account (Temporarily)**: Consider temporarily freezing your account to prevent any further unauthorized transactions.
4. **Monitor Account Activity**: Closely monitor your account activity for any unusual or suspicious transactions.
5. **Update Passwords and Security**: Review and update your account passwords and security settings to prevent unauthorized access.

**Immediate Action**: Contact your bank or card issuer immediately to report the suspicious transaction and request a review.

**Remember**: If you did not initiate the transaction, do not attempt to cancel or reverse it. Let your bank or card issuer handle the situation.",144,27.27000000000001,6,High,High,High,High,High,High
Case 2,T3_Risk_Scoring,Fraud,2,"**Transaction Risk Interpretation:**

Based on the transaction features and the model prediction, this transaction is likely to be a **High-Risk** transaction for potential financial fraud.

**Reasons:**

- The transaction has a negative amount (-0.3141), which may indicate an attempted refund or a reversal.
- Several features (V1, V3, V10, V12, V14, V17) have negative values, which could be indicative of suspicious activity.
- The model prediction is ""Fraud"", which suggests that the transaction may not be legitimate.

**Risk Level:** High

**Recommendation:** Review the transaction details and verify the legitimacy of the transaction to prevent potential financial loss.",97,35.23333333333335,5,High,High,High,High,High,Medium
Case 2,T4_Comparative_Analysis,Fraud,2,"**Transaction Analysis:**

Based on the provided transaction features, our model has predicted it as a **Fraudulent Transaction**. Let's break down the key characteristics that support this prediction:

**Comparison with Common Fraud Patterns:**

1. **Unusual Amount:** The transaction amount is negative (-0.3141), which is uncommon for legitimate transactions. Most transactions involve positive amounts, making this a red flag.
2. **High Variability:** The transaction features (V1-V17) exhibit high variability, with some values being significantly higher or lower than others. This can indicate suspicious activity, as legitimate transactions tend to have more consistent patterns.
3. **Negative Values:** Several features (V1, V3, V10, V12, V14, V17) have negative values, which is unusual for a legitimate transaction. This could indicate that the transaction is attempting to mask its true nature or value.

**Suspicious Characteristics:**

1. **Negative Amount:** The transaction amount is negative, which is uncommon for legitimate transactions.
2. **High Variability in Features:** The features exhibit high variability, indicating suspicious activity.
3. **Concentration of Negative Values:** Several features have negative values, which could indicate an attempt to",172,23.713908765652974,4,High,High,High,Medium,High,High
Case 3,T1_Fraud_Explanation,Not Fraud,0,"Based on the transaction features, the model predicted it as ""Not Fraud"" likely due to the following reasons:

1. **Low transaction amount**: The transaction amount is -$0.2655, which is a relatively small amount. This suggests that the transaction is unlikely to be a large-scale fraudulent activity.
2. **Positive V10 and V11 values**: Features V10 and V11 are positive, indicating that the transaction has some legitimate characteristics. These features might be related to the transaction's velocity, frequency, or other factors that are commonly used in fraud detection models.
3. **Low negative values**: Most of the features (V1, V2, V3, V4, V14, and V17) have relatively low negative values, which might indicate that the transaction is not significantly deviating from the normal behavior.

Overall, the model likely considered these factors and determined that the transaction is legitimate, resulting in a ""Not Fraud"" classification.",141,38.945625000000035,2,High,High,High,Medium,High,High
Case 3,T2_User_Advice,Not Fraud,0,"Based on the transaction features and the model prediction, here are some short, clear, and specific security actions for the user:

**Transaction Review:**

* The transaction amount is -$0.2655, which is a small negative amount. This could be a legitimate transaction, such as a refund or a credit.
* The transaction features (V1-V17) are within normal ranges, indicating no obvious signs of fraud.

**Security Actions:**

1. **Verify the transaction:** Check your account statement or online banking to confirm that this transaction is legitimate and matches your expected activity.
2. **Monitor your account:** Keep a close eye on your account activity for the next few days to ensure there are no other suspicious transactions.
3. **No action required:** Since the model prediction is ""Not Fraud"" and the transaction features are normal, no further action is recommended at this time.

**Additional Tips:**

* Be cautious of large or unusual transactions, even if they are negative amounts.
* Regularly review your account statements and online banking activity to detect any suspicious transactions.
* If you're unsure about a transaction, contact your bank or financial institution for assistance.",184,42.38633824276283,5,High,High,High,High,High,High
Case 3,T3_Risk_Scoring,Not Fraud,0,"**Transaction Risk Interpretation:**

Based on the provided transaction features and the model prediction, the transaction is classified as **Not Fraud**. This means that the transaction appears to be legitimate and does not exhibit any significant red flags for potential financial fraud.

**Risk Level:** Low

In simple terms, the transaction is considered low-risk, indicating that it is likely a genuine transaction and does not require further investigation or action.",68,29.55774509803925,4,Medium,High,High,High,High,Low
Case 3,T4_Comparative_Analysis,Not Fraud,0,"Based on the transaction features, here's a comparison with common fraud patterns and the suspicious characteristics that support the ""Not Fraud"" prediction:

**Comparison with common fraud patterns:**

1. **Unusual Amount**: The transaction amount is negative (-0.2655), but this is not unusual in itself. However, the absolute value is relatively small, which is typical for legitimate transactions.
2. **High Variance**: The transaction features have a high variance, which is a common trait of legitimate transactions. This suggests that the transaction is not an outlier.
3. **Low Correlation**: The transaction features have low correlation with each other, which is typical for legitimate transactions. This suggests that the transaction is not artificially constructed.

**Suspicious characteristics that support the ""Not Fraud"" prediction:**

1. **Low Transaction Amount**: The transaction amount is relatively small, which is typical for legitimate transactions.
2. **Lack of Anomalies**: There are no extreme values or outliers in the transaction features, which suggests that the transaction is not suspicious.
3. **Consistent Feature Values**: The transaction features have consistent values, which suggests that the transaction is not artificially constructed.

**Why the model predicts ""Not Fraud"":**

The model predicts",185,35.995093555093575,4,High,High,High,Medium,High,High
