Case ID,Template,Response
Case 1,T1_Fraud_Explanation,"Based on the transaction features, the model has predicted it as a potential fraud. Here's a simplified explanation:

The model has identified a combination of features that suggest the transaction may be suspicious. 

1. **Most features are negative**: Most of the transaction features (V1 to V3, V10 to V12, and V14) are negative, which is unusual. Typically, transactions have a mix of positive and negative features. This imbalance could indicate a manipulated or fake transaction.

2. **Large negative features**: Some features (V1, V2, and V3) have very large negative values, which is uncommon. This could be a sign of a transaction that has been artificially inflated or manipulated.

3. **Positive features with low values**: The positive features (V4, V14, and V17) have relatively low values, which is unusual. Typically, positive features have higher values. This could indicate that the transaction is trying to mask its true nature.

4. **Amount is relatively high**: The transaction amount (8.1366) is relatively high, which could be a red flag for potential fraud.

The model has likely combined these factors to predict that the transaction is a potential fraud. However, it"
Case 1,T2_User_Advice,"**Transaction Alert: Potential Fraud Detected**

Based on the model prediction, I recommend the following security actions:

1. **Verify Transaction Details**: Review the transaction details to ensure they are accurate and match the user's account information.
2. **Contact Card Issuer**: Inform the credit card issuer about the suspicious transaction to prevent further unauthorized activity.
3. **Monitor Account Activity**: Closely monitor the account for any additional suspicious transactions.
4. **Freeze Account (Temporarily)**: Temporarily freeze the account to prevent any further transactions until the issue is resolved.
5. **Investigate User Activity**: Investigate the user's recent activity to determine if there are any signs of compromised credentials or unauthorized access.

**Immediate Action**: Contact the credit card issuer to report the suspicious transaction and request assistance in resolving the issue.

**Additional Recommendations**:

* Consider implementing additional security measures, such as two-factor authentication, to prevent future unauthorized access.
* Review and update account security settings to ensure they are up-to-date and secure.
* Educate the user on best practices for online security and password management."
Case 1,T3_Risk_Scoring,"**Risk Interpretation:**
This transaction is predicted to be fraudulent due to a combination of unusual features (V1 to V12, V14, V17) and a relatively high transaction amount. The model has identified potential anomalies in the transaction data, suggesting that it may be a manipulated or fake transaction.

**Risk Level:** High

**Explanation for Non-Expert Users:**
Think of this like a credit card transaction. The model is saying that this transaction has some suspicious characteristics that don't add up, making it likely to be a scam. It's like someone trying to buy something with a fake credit card. We need to investigate further to confirm whether this is a legitimate transaction or not."
Case 1,T4_Comparative_Analysis,"**Transaction Analysis:**

The given transaction features and model prediction indicate a high likelihood of fraud. Here's a comparison with common fraud patterns and identification of suspicious characteristics:

**Comparison with Common Fraud Patterns:**

1. **Unusual Transaction Amount:** The transaction amount is $8.1366, which is relatively high compared to the other features. This could be a sign of a large, suspicious transaction.
2. **Negative Features:** Features V1, V2, V3, V10, V11, and V12 are negative, indicating a potential anomaly in the transaction.

**Suspicious Characteristics:**

1. **High Transaction Amount:** The transaction amount is significantly higher than the other features, which could indicate a large, suspicious transaction.
2. **Concentration of Negative Features:** The presence of multiple negative features (V1, V2, V3, V10, V11, and V12) suggests an unusual pattern in the transaction.
3. **Insufficient Positive Features:** Despite the presence of some positive features (V4, V14, and V17), the overall transaction features do not provide a clear indication of a legitimate transaction.
4. **Unusual Feature Values:** Features V1, V2,"
Case 2,T1_Fraud_Explanation,"Based on the transaction features and the model prediction, here's a clear explanation of why the transaction was classified as ""Fraud"":

The transaction has a mix of small and large negative values, which could indicate a pattern of suspicious activity. Some of the features (V1, V3, V10, V12, V17) have large negative values, which might suggest that the transaction is trying to manipulate the system or hide the true amount.

Additionally, the Amount (-0.3141) is also negative, which is unusual for a typical transaction. This could indicate that the transaction is trying to reverse or cancel a previous transaction, which might be a sign of fraudulent activity.

The model has likely picked up on these patterns and anomalies, and has classified the transaction as ""Fraud"" based on its analysis of the data."
Case 2,T2_User_Advice,"**Transaction Alert: Potential Fraud**

Based on the model prediction, we have identified potential security risks. To protect your account, please take the following actions:

1. **Verify Transaction Details**: Double-check the transaction details, including the date, time, and recipient.
2. **Contact Customer Support**: Reach out to our customer support team to report this transaction and request a review.
3. **Freeze Account (Temporarily)**: To prevent any further unauthorized transactions, we recommend temporarily freezing your account. This will prevent any new transactions from being processed.
4. **Review Recent Activity**: Check your recent transaction history to ensure there are no other suspicious transactions.

**Additional Security Measures**:

* Update your password and security questions to prevent unauthorized access.
* Enable two-factor authentication (2FA) to add an extra layer of security.
* Monitor your account activity closely for any unusual transactions.

**Immediate Action Required**: Please contact our customer support team as soon as possible to report this transaction and request a review."
Case 2,T3_Risk_Scoring,"**Risk Interpretation:**

The transaction is flagged as high-risk for potential fraud. The model's prediction is based on the unusual patterns and anomalies in the transaction data. Specifically, the large negative values in some features (V1, V3, V10, V12, V17) and the small positive value in the Amount feature suggest a suspicious transaction.

**Risk Level:** High

**Explanation:** The combination of large negative values and a small positive Amount suggests that the transaction may be an attempt to manipulate the system or hide the true nature of the transaction. This is a strong indication of potential fraud, warranting further investigation."
Case 2,T4_Comparative_Analysis,"**Transaction Analysis:**

Based on the provided transaction features, I've identified some suspicious characteristics that support the model's prediction of ""Fraud.""

**Comparison with Common Fraud Patterns:**

1. **Unusual Amount:** The transaction amount is negative (-0.3141). This is unusual, as most transactions involve positive amounts. In legitimate transactions, amounts are typically positive.
2. **High Variance:** The transaction features (V1-V4, V10-V12, V14, V17) show a high variance, indicating significant fluctuations in values. This can be a sign of manipulated or fake data.
3. **Negative Values:** Several features (V1, V3, V10, V12, V14, V17) have negative values, which is uncommon in legitimate transactions. Negative values can indicate a reversal or a fake transaction.

**Suspicious Characteristics:**

1. **Negative Transaction Amount:** The negative amount suggests a potential reversal or a fake transaction.
2. **High Variance in Features:** The significant fluctuations in feature values may indicate data manipulation.
3. **Concentration of Negative Values:** The presence of multiple negative values in features V1, V3, V10, V12, V14"
Case 3,T1_Fraud_Explanation,"Based on the transaction features, I can explain why it was classified as ""Not Fraud.""

The transaction features appear to represent various aspects of the transaction, such as account balances, transaction amounts, and other related factors. 

Here's a simplified explanation of the classification:

- The transaction amount is relatively small (-0.2655), which might indicate a normal or legitimate transaction.
- Most features (V1-V4, V10-V12, V14, V17) are negative, but their absolute values are relatively small. This suggests that the transaction is not significantly deviating from the normal behavior.
- The model has likely learned that small, negative transactions with these characteristics are not indicative of fraud.

Overall, the combination of these features and the transaction amount led the model to predict that this transaction is likely legitimate, hence the classification of ""Not Fraud."""
Case 3,T2_User_Advice,"Based on the transaction features and the model prediction of ""Not Fraud,"" I recommend the following security actions:

1. **Verify the transaction details**: Double-check the transaction amount (-0.2655) and ensure it's correct. This amount is relatively small, but it's essential to verify it to prevent any potential errors.

2. **Monitor account activity**: Keep a close eye on your account activity for the next few days to ensure there are no unusual transactions.

3. **No further action required**: Since the model prediction is ""Not Fraud,"" you don't need to take any additional steps. However, it's always a good idea to stay vigilant and report any suspicious activity to your bank or financial institution.

Remember, it's always better to be safe than sorry. If you have any concerns or doubts, feel free to contact your bank or financial institution for assistance."
Case 3,T3_Risk_Scoring,"Based on the transaction details, the model prediction is ""Not Fraud."" However, let's analyze the features to understand the risk level.

The transaction has a negative amount (-0.2655), which indicates a withdrawal. Most of the features (V1, V2, V3, V4, V17) are negative, which could be a sign of unusual activity.

However, the model has predicted it as ""Not Fraud."" This might be due to the presence of some positive features (V10, V11, V12) that balance out the negative ones.

Considering the overall transaction details, I would assign a risk level of:

**Medium**

This is because the transaction has some unusual features, but the model has predicted it as ""Not Fraud."" It's essential to monitor this transaction closely to ensure that it's legitimate.

To put it simply: The transaction has some red flags, but the model says it's okay. We'll keep an eye on it to make sure everything is fine."
Case 3,T4_Comparative_Analysis,"**Transaction Analysis**

Based on the provided transaction features, here's a comparison with common fraud patterns:

**Not Fraud Pattern:**

* The transaction amount is relatively small (-$0.2655).
* The transaction involves a mix of debit and credit values, which is typical for legitimate transactions.
* The values are scattered across different features (V1 to V17), indicating a diverse range of transactions.

**Suspicious Characteristics:**

* **Negative values:** Features V2, V3, V4, V14, and V17 have negative values, which may indicate a pattern of debit transactions. However, the presence of negative values alone is not necessarily suspicious.
* **Small transaction amount:** The transaction amount is small, which is less common in fraudulent transactions.
* **Lack of large values:** None of the features have large absolute values, which is unusual for fraudulent transactions that often involve large amounts or values.

**Supporting the Not Fraud Prediction:**

* The transaction amount is small, which reduces the likelihood of it being a fraudulent transaction.
* The presence of a mix of debit and credit values suggests a legitimate transaction.
* The lack of large values and negative values alone does not indicate a high-risk transaction.

**Conclusion:"
